Kofi Amoah;kofi.amoah@my.fisk.edu;6152005140
Bright Dotu;bright.dotu@my.fisk.edu;6156025364
Michael Saarah;michael.saarah@my.fisk.edu;8509802745
Lee Hong;lee.hong@my.fisk.edu;2038211456
Kelson Campbell;kelson.campbell@my.fisk.edu;6154233422
Amier Smith;amier.smith@my.fisk.ed;6159824886